record_id,plot_area_ha,rainfall_mm,soil_ph,seed_kg,distance_km,arrival_hour,actual_yield_kg,dispatch_attention,cluster_label
MCOOP-2026-0001,2.17,110.6,5.47,514.0,18.5,9,33101.8,0,1
MCOOP-2026-0002,4.59,110.7,5.12,1077.0,4.9,10,63244.9,0,0
MCOOP-2026-0003,3.67,94.7,5.33,863.1,16.0,8,54251.8,0,0
MCOOP-2026-0004,3.11,72.6,5.14,722.3,16.8,16,38107.6,1,0
MCOOP-2026-0005,1.26,96.9,5.31,292.4,7.4,14,18719.7,0,1
MCOOP-2026-0006,1.26,78.1,6.22,288.2,30.4,11,18158.2,0,1
MCOOP-2026-0007,0.84,119.4,5.32,174.4,27.6,10,10641.3,1,1
MCOOP-2026-0008,4.24,91.3,6.8,968.2,22.2,13,48561.0,0,0
MCOOP-2026-0009,3.12,74.4,5.97,675.3,16.1,7,42952.0,0,0
MCOOP-2026-0010,3.57,87.0,5.83,818.6,14.6,12,53556.5,0,0
MCOOP-2026-0011,0.69,105.3,5.36,134.0,21.7,7,10086.5,0,1
MCOOP-2026-0012,4.67,80.9,6.07,1046.5,18.6,12,66534.2,0,0
MCOOP-2026-0013,4.1,74.4,5.49,947.5,4.3,8,56193.4,0,0
MCOOP-2026-0014,1.49,101.1,5.8,377.5,17.6,14,23552.6,0,1
MCOOP-2026-0015,1.36,101.1,6.8,335.8,26.3,15,15312.9,1,1
MCOOP-2026-0016,1.37,82.3,5.71,275.8,16.0,7,18959.4,0,1
MCOOP-2026-0017,1.88,83.2,6.27,407.7,4.0,9,26445.2,0,1
MCOOP-2026-0018,2.8,100.8,5.43,667.5,25.7,17,41404.0,1,0
MCOOP-2026-0019,2.41,58.8,5.73,529.7,8.4,10,30011.7,0,1
MCOOP-2026-0020,1.82,59.8,6.55,413.0,10.1,13,19847.8,0,1
MCOOP-2026-0021,3.17,77.0,5.47,742.9,7.4,10,43330.1,0,0
MCOOP-2026-0022,1.19,89.7,6.57,249.5,12.2,9,14654.1,0,1
MCOOP-2026-0023,1.83,102.8,6.07,423.5,24.8,8,28646.0,0,1
MCOOP-2026-0024,2.14,131.9,5.5,458.8,17.8,8,29176.2,0,1
MCOOP-2026-0025,2.52,116.4,6.03,564.6,8.5,12,37574.9,0,1
MCOOP-2026-0026,3.9,91.0,6.19,905.0,28.4,9,57485.0,0,0
MCOOP-2026-0027,1.44,94.5,6.03,291.4,28.4,10,21782.5,0,1
MCOOP-2026-0028,2.76,69.9,5.04,645.8,28.2,10,32323.6,1,0
MCOOP-2026-0029,3.09,94.5,5.42,710.2,9.5,10,45294.0,0,0
MCOOP-2026-0030,0.8,87.8,5.64,197.8,15.8,13,13083.2,0,1
MCOOP-2026-0031,3.15,103.1,5.72,730.1,31.6,17,49936.0,1,0
MCOOP-2026-0032,1.32,74.3,6.03,337.7,25.3,9,19455.2,0,1
MCOOP-2026-0033,0.87,108.0,5.83,203.2,3.3,13,13567.8,0,1
MCOOP-2026-0034,4.59,133.3,5.15,1045.0,4.4,12,58208.1,0,0
MCOOP-2026-0035,4.66,92.3,5.92,1074.9,16.2,10,70382.9,0,0
MCOOP-2026-0036,4.0,105.0,6.02,933.6,29.3,15,61770.5,1,0
MCOOP-2026-0037,1.88,112.3,6.0,433.6,18.4,8,28992.4,0,1
MCOOP-2026-0038,1.01,85.0,6.24,233.3,17.2,7,15262.0,0,1
MCOOP-2026-0039,3.47,100.6,6.13,780.6,5.6,13,52419.5,0,0
MCOOP-2026-0040,2.45,95.3,5.96,546.9,21.9,9,36201.8,0,1
MCOOP-2026-0041,1.11,97.4,5.72,220.2,26.8,13,17298.4,0,1
MCOOP-2026-0042,2.68,75.7,5.0,660.1,13.7,14,31891.4,0,0
MCOOP-2026-0043,0.74,95.6,5.94,139.1,25.4,7,10656.0,0,1
MCOOP-2026-0044,4.42,107.4,5.84,999.3,31.0,14,68375.3,0,0
MCOOP-2026-0045,1.69,131.3,5.87,370.7,8.5,9,25536.9,0,1
MCOOP-2026-0046,3.38,119.0,5.18,799.8,17.9,10,48774.5,0,0
MCOOP-2026-0047,1.91,148.8,5.26,431.9,11.0,10,22828.9,0,1
MCOOP-2026-0048,2.78,75.8,6.22,670.6,25.9,15,38148.0,1,0
MCOOP-2026-0049,2.9,116.8,5.73,650.2,19.5,6,44433.1,0,0
MCOOP-2026-0050,1.38,99.6,6.06,324.4,21.2,9,21640.5,0,1
MCOOP-2026-0051,4.67,149.7,5.76,1053.2,26.0,11,58365.0,1,0
MCOOP-2026-0052,3.86,74.8,5.76,937.8,14.2,11,56475.4,0,0
MCOOP-2026-0053,4.55,74.0,6.17,1016.8,29.5,11,61772.7,0,0
MCOOP-2026-0054,4.36,80.0,5.52,1010.5,18.2,7,62792.6,0,0
MCOOP-2026-0055,3.11,41.9,5.79,731.1,7.2,8,30776.8,0,0
MCOOP-2026-0056,4.47,81.9,5.54,1038.4,23.0,9,65110.3,0,0
MCOOP-2026-0057,0.97,76.0,5.55,218.5,25.9,12,14122.3,0,1
MCOOP-2026-0058,1.42,98.8,5.61,323.4,11.8,8,21289.0,0,1
MCOOP-2026-0059,0.79,103.5,5.85,182.8,27.8,8,11886.7,0,1
MCOOP-2026-0060,1.97,141.9,5.53,449.4,29.2,15,25393.9,1,1
MCOOP-2026-0061,2.23,118.8,6.32,537.0,10.7,6,32236.1,0,1
MCOOP-2026-0062,1.74,80.6,5.35,450.2,31.5,18,25285.9,1,1
MCOOP-2026-0063,4.08,72.5,5.67,924.5,6.7,11,56866.5,0,0
MCOOP-2026-0064,2.1,107.3,5.55,448.8,8.5,13,32660.4,0,1
MCOOP-2026-0065,1.78,62.0,6.4,407.2,7.9,8,20728.8,0,1
MCOOP-2026-0066,2.88,140.8,5.84,712.4,28.9,6,40288.0,1,0
MCOOP-2026-0067,1.19,124.5,6.21,253.6,21.8,12,16080.1,0,1
MCOOP-2026-0068,3.97,83.3,5.08,954.1,7.0,13,51403.7,0,0
MCOOP-2026-0069,0.91,52.2,5.87,251.2,15.5,12,11274.5,0,1
MCOOP-2026-0070,4.74,128.8,6.15,1076.4,20.7,7,67819.1,0,0
MCOOP-2026-0071,3.84,92.1,5.79,897.4,5.0,12,58587.3,0,0
MCOOP-2026-0072,1.43,125.9,6.23,369.6,28.5,12,20729.9,1,1
MCOOP-2026-0073,0.62,55.1,5.52,133.1,26.2,11,6139.4,0,1
MCOOP-2026-0074,4.02,80.0,6.38,919.5,17.4,12,53434.5,0,0
MCOOP-2026-0075,3.57,95.1,6.78,806.6,31.0,13,42094.3,0,0
MCOOP-2026-0076,3.66,96.2,5.59,816.4,14.8,10,55735.0,0,0
MCOOP-2026-0077,3.84,83.7,5.55,867.0,31.5,7,56217.6,0,0
MCOOP-2026-0078,0.91,110.6,6.4,178.7,22.2,10,12456.0,0,1
MCOOP-2026-0079,2.11,68.3,6.46,486.2,21.2,7,25477.5,0,1
MCOOP-2026-0080,1.09,91.4,5.51,231.5,7.4,9,15574.8,0,1
MCOOP-2026-0081,4.23,98.0,5.56,978.7,28.5,9,64854.9,0,0
MCOOP-2026-0082,3.22,107.9,5.62,701.7,15.1,7,49220.7,0,0
MCOOP-2026-0083,1.99,112.8,5.14,466.0,7.3,9,27748.1,0,1
MCOOP-2026-0084,0.87,66.9,5.34,220.9,2.9,7,10921.0,0,1
MCOOP-2026-0085,1.91,56.6,5.3,389.5,19.0,12,19768.6,0,1
MCOOP-2026-0086,1.97,126.9,5.4,462.5,18.1,15,28824.9,1,1
MCOOP-2026-0087,3.66,103.3,5.73,872.5,23.7,7,56747.1,0,0
MCOOP-2026-0088,3.28,76.3,5.86,724.2,28.8,15,45935.8,1,0
MCOOP-2026-0089,4.33,133.8,6.45,1037.7,4.8,10,56273.8,0,0
MCOOP-2026-0090,2.58,97.9,5.3,603.9,24.1,8,37190.7,0,0
MCOOP-2026-0091,1.1,124.5,6.19,235.4,8.0,7,16285.9,0,1
MCOOP-2026-0092,3.6,96.7,5.65,826.6,27.8,10,55510.2,0,0
MCOOP-2026-0093,3.8,146.5,5.73,888.0,26.7,12,49931.8,1,0
MCOOP-2026-0094,2.96,138.9,6.05,682.7,18.5,11,39431.9,0,0
MCOOP-2026-0095,3.84,88.8,5.24,896.7,23.5,7,54455.4,0,0
MCOOP-2026-0096,2.67,119.3,5.92,591.1,11.8,7,40312.3,0,1
MCOOP-2026-0097,2.8,111.1,5.82,648.2,16.4,9,43060.7,0,0
MCOOP-2026-0098,2.4,129.2,5.97,516.7,26.7,8,34550.4,1,1
MCOOP-2026-0099,0.71,70.9,5.88,160.5,16.0,8,8601.5,0,1
MCOOP-2026-0100,1.05,112.2,6.8,218.9,13.1,8,12185.2,0,1
MCOOP-2026-0101,0.73,121.5,5.46,149.5,17.1,12,9803.8,0,1
MCOOP-2026-0102,3.27,51.0,5.51,783.0,26.9,15,35471.7,1,0
MCOOP-2026-0103,1.92,65.4,5.47,468.9,12.4,9,24009.5,0,1
MCOOP-2026-0104,2.74,44.0,5.5,645.4,7.6,14,27886.0,0,0
MCOOP-2026-0105,4.41,88.3,5.46,987.0,23.5,9,63887.0,0,0
MCOOP-2026-0106,1.65,112.9,6.29,371.6,26.9,9,24796.6,0,1
MCOOP-2026-0107,2.32,132.6,6.39,563.9,5.5,8,30483.9,0,1
MCOOP-2026-0108,3.77,96.9,5.49,870.6,9.6,11,55616.3,0,0
MCOOP-2026-0109,1.56,135.7,5.38,408.8,6.7,16,20932.9,0,1
MCOOP-2026-0110,0.92,60.5,5.96,221.4,12.8,10,12448.5,0,1
MCOOP-2026-0111,1.82,52.4,5.5,423.4,15.8,9,20368.2,0,1
MCOOP-2026-0112,1.28,93.6,6.03,286.7,24.6,11,18881.5,0,1
MCOOP-2026-0113,4.5,104.6,5.84,1038.3,21.7,7,69869.5,0,0
MCOOP-2026-0114,3.99,94.2,5.07,913.9,20.8,14,53301.8,0,0
MCOOP-2026-0115,3.26,43.3,6.45,767.5,12.9,10,29927.2,0,0
MCOOP-2026-0116,4.26,92.8,6.56,1003.7,27.3,9,56920.2,0,0
MCOOP-2026-0117,3.98,62.4,5.47,895.8,16.4,10,49353.6,0,0
MCOOP-2026-0118,1.38,111.7,5.58,284.1,31.4,10,19738.8,0,1
MCOOP-2026-0119,4.35,104.2,5.88,954.6,21.2,7,66426.7,0,0
MCOOP-2026-0120,2.87,71.5,5.9,672.8,6.2,11,40027.1,0,0
MCOOP-2026-0121,3.99,82.2,6.05,890.1,22.4,8,56937.0,0,0
MCOOP-2026-0122,4.36,68.5,6.65,952.8,12.1,11,47351.9,0,0
MCOOP-2026-0123,1.94,93.4,5.67,455.9,22.7,13,29917.2,0,1
MCOOP-2026-0124,1.06,118.9,5.39,293.8,4.6,12,16056.7,0,1
MCOOP-2026-0125,1.56,70.4,5.13,358.6,7.7,10,19076.3,0,1
MCOOP-2026-0126,2.39,107.6,5.42,570.7,27.7,10,35464.7,0,1
MCOOP-2026-0127,4.04,81.7,5.74,931.2,9.2,7,59255.2,0,0
MCOOP-2026-0128,4.22,75.2,6.56,968.1,27.2,12,50678.3,0,0
MCOOP-2026-0129,0.63,92.3,5.52,167.9,10.7,8,10306.8,0,1
MCOOP-2026-0130,2.75,69.1,5.85,625.2,21.5,10,38037.8,0,0
MCOOP-2026-0131,2.35,81.2,5.74,547.2,23.0,8,33345.1,0,1
MCOOP-2026-0132,1.53,65.1,6.28,359.9,17.6,7,18495.7,0,1
MCOOP-2026-0133,1.1,144.1,6.8,236.3,11.5,10,9837.4,0,1
MCOOP-2026-0134,2.02,95.9,5.51,489.4,8.8,7,30315.9,0,1
MCOOP-2026-0135,4.56,77.5,5.53,1044.4,3.5,12,64363.8,0,0
MCOOP-2026-0136,1.96,100.3,6.22,431.9,11.5,9,27794.8,0,1
MCOOP-2026-0137,2.78,92.2,6.06,652.8,21.8,6,41286.7,0,0
MCOOP-2026-0138,3.55,89.5,6.58,794.0,30.2,10,44700.9,0,0
MCOOP-2026-0139,2.13,110.4,6.01,490.6,28.2,6,32705.8,0,1
MCOOP-2026-0140,4.68,113.9,5.59,1076.2,25.1,8,71249.9,0,0
MCOOP-2026-0141,4.64,81.7,6.02,1094.3,25.8,11,67307.0,0,0
MCOOP-2026-0142,1.66,80.6,6.25,393.7,22.1,7,23322.7,0,1
MCOOP-2026-0143,2.69,88.1,6.12,618.1,10.2,13,39176.8,0,1
MCOOP-2026-0144,1.86,40.0,5.98,448.2,29.3,6,17257.7,0,1
MCOOP-2026-0145,1.8,57.1,6.23,448.8,22.3,8,22325.3,0,1
MCOOP-2026-0146,0.75,129.2,6.28,186.4,19.0,12,11392.1,0,1
MCOOP-2026-0147,3.16,136.1,6.37,727.1,5.8,9,40079.7,0,0
MCOOP-2026-0148,2.71,88.8,6.04,590.5,15.7,7,40495.9,0,1
MCOOP-2026-0149,0.82,109.4,5.67,162.0,16.1,9,12804.4,0,1
MCOOP-2026-0150,1.77,102.8,5.82,399.5,28.0,8,26571.1,0,1
MCOOP-2026-0151,4.41,172.0,6.29,999.1,18.6,13,37632.6,0,0
MCOOP-2026-0152,1.61,123.0,5.38,365.6,13.7,9,24070.8,0,1
MCOOP-2026-0153,1.21,91.8,5.92,279.7,31.3,12,17671.1,0,1
MCOOP-2026-0154,2.66,71.1,5.57,625.0,5.8,14,35861.7,0,1
MCOOP-2026-0155,4.74,54.8,5.76,1088.4,15.0,9,56733.0,0,0
MCOOP-2026-0156,1.62,100.1,6.33,384.8,3.7,14,23623.1,0,1
MCOOP-2026-0157,3.42,76.1,5.84,788.2,24.3,9,49218.1,0,0
MCOOP-2026-0158,3.8,59.4,5.77,824.6,29.6,16,47092.8,1,0
MCOOP-2026-0159,1.6,78.8,5.14,344.5,10.8,7,20667.0,0,1
MCOOP-2026-0160,3.66,68.0,6.09,838.2,27.8,11,47505.8,0,0
MCOOP-2026-0161,2.14,137.2,6.04,462.0,11.1,10,29833.1,0,1
MCOOP-2026-0162,3.26,117.0,6.72,764.8,29.4,9,40217.5,1,0
MCOOP-2026-0163,3.26,94.8,5.61,788.1,24.7,11,49943.0,0,0
MCOOP-2026-0164,2.85,132.0,5.85,686.0,26.2,11,41484.7,1,0
MCOOP-2026-0165,0.98,96.9,5.86,220.1,3.0,6,14016.8,0,1
MCOOP-2026-0166,4.11,73.5,6.46,982.6,30.9,8,52227.4,0,0
MCOOP-2026-0167,1.95,133.1,5.71,452.2,23.9,11,28348.8,0,1
MCOOP-2026-0168,1.38,108.5,5.88,309.0,11.5,11,21177.9,0,1
MCOOP-2026-0169,0.77,69.1,6.02,161.8,27.0,16,10917.7,1,1
MCOOP-2026-0170,3.08,90.2,5.83,700.8,10.8,12,46431.7,0,0
MCOOP-2026-0171,3.45,73.1,5.55,783.8,28.2,15,47868.2,1,0
MCOOP-2026-0172,0.67,60.4,5.84,158.4,5.8,11,7829.3,0,1
MCOOP-2026-0173,2.75,118.2,6.23,636.5,23.3,8,40025.8,0,0
MCOOP-2026-0174,1.55,142.7,5.29,356.6,18.5,7,19357.5,0,1
MCOOP-2026-0175,3.31,60.0,5.81,772.2,5.3,12,41829.5,0,0
MCOOP-2026-0176,1.33,109.1,5.43,335.7,9.6,11,20025.2,0,1
MCOOP-2026-0177,3.5,78.7,6.29,828.7,2.9,6,47882.2,0,0
MCOOP-2026-0178,2.22,82.8,5.06,473.5,16.3,9,28452.3,0,1
MCOOP-2026-0179,4.53,80.2,5.5,991.9,11.4,15,63773.0,1,0
MCOOP-2026-0180,1.18,73.4,5.92,294.8,20.2,10,15758.7,0,1
MCOOP-2026-0181,2.03,96.2,6.45,432.7,11.3,9,28665.2,0,1
MCOOP-2026-0182,1.08,74.2,5.72,242.8,11.3,9,16056.1,0,1
MCOOP-2026-0183,4.48,101.8,5.5,1001.1,24.4,8,66586.8,0,0
MCOOP-2026-0184,4.28,93.7,6.6,939.4,3.9,9,55003.4,0,0
MCOOP-2026-0185,1.68,89.0,5.1,399.9,29.1,9,22130.6,1,1
MCOOP-2026-0186,3.37,72.3,4.8,794.1,27.6,7,35593.1,1,0
MCOOP-2026-0187,4.03,80.6,5.95,912.5,22.2,12,58655.8,0,0
MCOOP-2026-0188,2.93,113.9,5.52,623.9,20.0,9,43386.1,0,0
MCOOP-2026-0189,2.82,107.5,5.29,634.9,28.8,13,40161.8,0,0
MCOOP-2026-0190,1.62,70.6,6.07,382.4,8.0,13,21583.9,0,1
MCOOP-2026-0191,0.99,97.5,5.86,190.7,4.8,8,14159.2,0,1
MCOOP-2026-0192,4.37,113.8,5.5,1009.7,9.6,11,65249.8,0,0
MCOOP-2026-0193,4.38,53.3,5.17,1007.0,25.9,9,45782.2,1,0
MCOOP-2026-0194,3.26,108.6,6.14,764.3,3.5,14,48734.4,0,0
MCOOP-2026-0195,2.02,78.4,6.04,467.6,19.7,8,29292.7,0,1
MCOOP-2026-0196,2.07,109.3,5.71,451.8,31.9,11,32604.9,0,1
MCOOP-2026-0197,3.65,75.9,6.58,869.4,27.7,10,44099.2,0,0
MCOOP-2026-0198,4.37,49.9,5.27,1001.1,17.9,8,45172.8,0,0
MCOOP-2026-0199,4.33,54.3,5.06,995.2,4.4,7,44286.1,0,0
MCOOP-2026-0200,3.88,96.2,5.44,869.1,27.0,11,57774.1,0,0
MCOOP-2026-0201,3.3,101.5,5.73,747.9,20.2,12,50928.8,0,0
MCOOP-2026-0202,0.95,72.4,5.86,196.4,5.9,9,13460.8,0,1
MCOOP-2026-0203,1.28,111.0,5.64,290.1,5.3,11,19902.6,0,1
MCOOP-2026-0204,4.37,53.5,5.91,1047.9,29.3,9,50366.5,0,0
MCOOP-2026-0205,3.15,93.3,5.19,690.2,22.2,11,43865.8,0,0
MCOOP-2026-0206,0.64,64.7,6.4,106.9,27.0,8,7810.4,0,1
MCOOP-2026-0207,1.03,78.7,5.71,273.7,28.4,14,14866.3,0,1
MCOOP-2026-0208,3.39,96.2,6.25,774.5,19.4,8,49481.3,0,0
MCOOP-2026-0209,0.62,73.5,5.9,125.9,17.8,9,8934.8,0,1
MCOOP-2026-0210,1.28,85.4,5.96,320.4,15.2,7,19202.7,0,1
MCOOP-2026-0211,2.9,120.2,6.01,651.9,11.8,7,43992.1,0,0
MCOOP-2026-0212,3.51,80.6,5.95,853.0,15.3,10,53194.3,0,0
MCOOP-2026-0213,3.34,115.9,6.04,785.1,25.3,8,50167.3,1,0
MCOOP-2026-0214,1.54,66.8,6.35,342.0,20.3,13,18017.4,0,1
MCOOP-2026-0215,3.59,108.2,5.84,875.7,28.8,6,56439.8,0,0
MCOOP-2026-0216,1.6,131.0,6.07,352.9,15.6,9,23086.8,0,1
MCOOP-2026-0217,1.97,40.0,5.71,471.7,20.4,9,18404.0,0,1
MCOOP-2026-0218,3.74,75.1,6.4,867.7,21.1,6,49360.2,0,0
MCOOP-2026-0219,3.33,109.4,5.45,798.4,20.0,7,49497.2,0,0
MCOOP-2026-0220,4.17,89.9,6.56,998.1,23.2,9,55010.1,0,0
MCOOP-2026-0221,3.36,104.3,5.73,773.6,9.5,10,51630.8,0,0
MCOOP-2026-0222,2.99,79.9,5.11,668.9,17.6,9,39324.8,0,0
MCOOP-2026-0223,0.99,97.2,5.81,239.2,5.6,10,16706.3,0,1
MCOOP-2026-0224,2.14,91.1,5.44,475.3,13.8,10,30799.2,0,1
MCOOP-2026-0225,1.71,124.2,6.13,443.3,16.9,6,25168.0,0,1
MCOOP-2026-0226,1.62,101.4,5.46,376.0,21.7,9,24957.9,0,1
MCOOP-2026-0227,4.69,103.4,5.55,1069.6,30.5,16,71169.6,1,0
MCOOP-2026-0228,2.25,84.7,4.9,522.1,20.2,10,26756.3,0,1
MCOOP-2026-0229,4.35,82.8,5.55,966.8,24.4,11,62894.9,0,0
MCOOP-2026-0230,3.25,84.2,4.8,723.2,17.4,9,34765.4,0,0
MCOOP-2026-0231,3.94,104.9,5.04,936.2,21.2,12,52588.4,0,0
MCOOP-2026-0232,2.71,84.5,6.09,606.9,4.6,12,38845.5,0,1
MCOOP-2026-0233,3.02,102.2,6.1,668.4,10.0,10,45057.7,0,0
MCOOP-2026-0234,2.67,146.9,5.94,627.5,13.2,16,35492.6,1,1
MCOOP-2026-0235,1.42,116.8,5.31,356.2,16.4,7,19972.2,0,1
MCOOP-2026-0236,3.63,86.8,5.73,852.9,3.8,6,55214.3,0,0
MCOOP-2026-0237,1.78,125.0,5.75,434.3,6.6,12,26680.3,0,1
MCOOP-2026-0238,0.7,84.8,5.23,142.1,10.7,12,9180.4,0,1
MCOOP-2026-0239,3.31,44.0,6.43,725.8,31.2,7,30325.8,0,0
MCOOP-2026-0240,1.34,69.8,6.14,345.7,12.3,8,18481.7,0,1
MCOOP-2026-0241,4.55,48.2,5.65,1038.4,16.7,6,49212.5,0,0
MCOOP-2026-0242,4.61,86.2,5.76,1054.0,8.3,8,69607.0,0,0
MCOOP-2026-0243,4.44,95.5,5.84,1054.4,20.5,12,68438.6,0,0
MCOOP-2026-0244,2.15,136.9,4.83,508.4,10.8,10,22786.4,0,1
MCOOP-2026-0245,0.66,103.2,5.64,163.2,8.6,9,9608.7,0,1
MCOOP-2026-0246,4.5,89.5,5.44,1085.0,17.7,9,66070.9,0,0
MCOOP-2026-0247,2.4,115.7,5.3,535.9,2.7,6,36216.3,0,1
MCOOP-2026-0248,4.66,40.0,5.62,1095.0,2.7,8,44263.2,0,0
MCOOP-2026-0249,4.65,100.9,6.56,1070.9,9.0,11,60708.1,0,0
MCOOP-2026-0250,4.18,114.3,6.04,968.1,3.6,16,62567.9,0,0
MCOOP-2026-0251,1.84,58.0,5.49,461.4,5.7,13,22782.0,0,1
MCOOP-2026-0252,2.22,123.6,6.01,523.3,12.5,6,33446.4,0,1
MCOOP-2026-0253,4.17,103.5,6.38,972.6,26.2,14,59710.1,0,0
MCOOP-2026-0254,1.93,84.6,6.17,470.7,19.4,12,27933.5,0,1
MCOOP-2026-0255,1.31,110.8,5.78,292.2,17.6,12,20035.1,0,1
MCOOP-2026-0256,2.94,151.8,5.46,655.2,11.2,9,35161.0,0,0
MCOOP-2026-0257,4.53,99.5,6.06,1015.8,30.0,9,68543.6,0,0
MCOOP-2026-0258,3.52,101.2,5.93,760.4,14.2,9,52154.0,0,0
MCOOP-2026-0259,2.99,83.5,6.15,737.7,5.1,7,43454.4,0,0
MCOOP-2026-0260,1.01,73.8,6.04,204.7,20.7,8,13134.9,0,1
MCOOP-2026-0261,3.18,115.8,6.22,725.9,5.9,8,46644.9,0,0
MCOOP-2026-0262,4.76,73.6,5.51,1087.9,12.7,10,67410.2,0,0
MCOOP-2026-0263,1.19,96.8,6.34,281.4,17.5,12,17327.0,0,1
MCOOP-2026-0264,2.78,83.1,5.84,659.8,28.3,9,41194.8,0,0
MCOOP-2026-0265,4.28,107.0,6.68,1005.9,17.1,7,54309.3,0,0
MCOOP-2026-0266,3.71,103.3,5.44,838.7,23.2,15,55750.2,0,0
MCOOP-2026-0267,3.53,120.9,6.53,807.7,31.8,15,46526.7,1,0
MCOOP-2026-0268,3.55,82.2,5.84,823.6,6.4,12,52807.9,0,0
MCOOP-2026-0269,2.11,88.3,5.46,479.1,10.6,18,32187.2,1,1
MCOOP-2026-0270,1.83,70.5,5.53,461.1,14.1,10,24478.1,0,1
MCOOP-2026-0271,4.0,83.9,5.61,932.3,14.9,16,59341.3,1,0
MCOOP-2026-0272,4.0,104.4,5.94,938.4,14.6,7,61338.7,0,0
MCOOP-2026-0273,4.24,113.9,5.99,991.8,29.3,9,65224.4,0,0
MCOOP-2026-0274,4.44,71.9,5.49,1050.5,23.6,8,60016.4,0,0
MCOOP-2026-0275,2.75,116.7,5.74,637.0,20.4,8,41828.6,0,0
MCOOP-2026-0276,2.71,128.9,6.71,590.9,11.6,7,31005.6,0,1
MCOOP-2026-0277,3.95,105.3,6.53,918.5,26.8,10,53819.0,0,0
MCOOP-2026-0278,3.33,141.9,5.95,749.6,30.7,12,45179.4,1,0
MCOOP-2026-0279,3.55,75.7,5.77,803.3,26.7,10,49611.7,0,0
MCOOP-2026-0280,3.94,63.9,5.8,920.9,2.5,7,51601.2,0,0
MCOOP-2026-0281,4.34,50.5,6.03,1029.2,21.3,13,47732.3,0,0
MCOOP-2026-0282,2.02,132.4,5.29,465.1,4.0,11,26401.5,0,1
MCOOP-2026-0283,2.18,111.4,5.63,509.1,10.1,9,33378.6,0,1
MCOOP-2026-0284,0.99,93.6,5.0,270.3,4.3,11,13008.7,0,1
MCOOP-2026-0285,3.03,102.0,5.93,702.9,20.3,8,48384.9,0,0
MCOOP-2026-0286,0.75,66.9,6.04,222.5,22.8,9,10753.6,0,1
MCOOP-2026-0287,2.56,156.1,5.53,602.9,5.9,14,28665.6,0,1
MCOOP-2026-0288,2.88,98.2,6.46,618.4,13.8,8,38713.0,0,0
MCOOP-2026-0289,1.8,97.7,5.2,432.8,16.0,9,26155.5,0,1
MCOOP-2026-0290,3.08,113.1,5.09,717.9,13.4,14,42935.6,0,0
MCOOP-2026-0291,0.73,107.0,5.85,200.1,6.1,11,10706.4,0,1
MCOOP-2026-0292,0.76,100.6,6.22,191.6,14.9,7,10234.2,0,1
MCOOP-2026-0293,4.05,75.2,6.51,928.0,24.7,7,51474.5,0,0
MCOOP-2026-0294,2.11,106.8,5.54,454.7,4.6,6,31990.4,0,1
MCOOP-2026-0295,1.13,142.1,6.24,254.7,4.9,11,13894.1,0,1
MCOOP-2026-0296,2.79,128.6,5.73,620.4,13.0,9,41012.5,0,1
MCOOP-2026-0297,3.83,134.8,5.67,866.4,30.3,7,52301.1,1,0
MCOOP-2026-0298,1.51,82.2,6.15,362.0,22.2,15,21767.4,1,1
MCOOP-2026-0299,3.22,70.3,6.04,782.3,22.5,10,44342.9,0,0
MCOOP-2026-0300,0.96,91.9,5.04,230.7,13.2,8,13239.6,0,1
MCOOP-2026-0301,0.82,96.4,6.41,158.7,20.0,10,10425.7,0,1
MCOOP-2026-0302,2.83,122.4,6.37,662.0,2.8,11,39347.4,0,1
MCOOP-2026-0303,2.87,52.7,5.47,690.0,21.3,7,31867.0,0,0
MCOOP-2026-0304,3.28,133.2,5.93,739.2,29.4,8,46828.1,1,0
MCOOP-2026-0305,3.65,91.0,5.97,836.1,20.6,12,54507.6,0,0
MCOOP-2026-0306,4.7,84.3,5.87,1081.4,28.3,9,69577.8,0,0
MCOOP-2026-0307,2.77,69.7,5.5,617.5,23.9,10,36190.8,0,0
MCOOP-2026-0308,1.96,53.6,5.45,467.0,6.1,9,22737.9,0,1
MCOOP-2026-0309,3.94,115.6,5.74,903.2,29.1,6,60890.3,1,0
MCOOP-2026-0310,1.74,96.8,6.28,410.7,4.5,8,25236.3,0,1
MCOOP-2026-0311,2.44,62.8,5.99,539.0,18.3,9,30999.3,0,1
MCOOP-2026-0312,0.93,62.6,5.58,203.0,6.7,8,10778.2,0,1
MCOOP-2026-0313,0.71,86.6,6.1,181.4,2.8,6,10452.1,0,1
MCOOP-2026-0314,4.64,136.7,4.8,1057.9,15.0,13,48740.6,0,0
MCOOP-2026-0315,4.11,88.5,6.27,988.5,11.2,17,60890.3,1,0
MCOOP-2026-0316,3.52,57.4,4.97,799.6,16.8,12,34759.4,0,0
MCOOP-2026-0317,2.32,88.9,5.59,539.2,19.5,13,35723.9,0,1
MCOOP-2026-0318,1.33,88.2,5.25,329.2,3.8,8,19482.3,0,1
MCOOP-2026-0319,1.26,40.0,5.17,254.3,6.1,16,10546.1,1,1
MCOOP-2026-0320,1.65,93.6,6.27,335.5,19.0,8,24457.9,0,1
MCOOP-2026-0321,2.91,89.2,5.54,631.2,12.6,15,43053.8,0,0
MCOOP-2026-0322,3.6,112.4,5.91,859.6,24.0,18,56021.0,1,0
MCOOP-2026-0323,3.37,141.2,5.73,761.3,21.7,11,45564.1,1,0
MCOOP-2026-0324,1.78,123.2,5.96,459.4,27.4,17,28006.3,1,1
MCOOP-2026-0325,4.61,88.3,5.78,1046.2,22.9,10,70107.4,0,0
MCOOP-2026-0326,3.7,67.3,5.17,855.6,15.2,8,44417.8,0,0
MCOOP-2026-0327,2.93,159.3,6.2,712.5,22.4,9,31050.8,0,0
MCOOP-2026-0328,3.17,96.5,5.53,779.1,10.6,10,48438.0,0,0
MCOOP-2026-0329,2.36,95.3,5.05,592.8,11.5,7,31212.7,0,1
MCOOP-2026-0330,1.64,94.4,5.56,407.4,25.8,10,25145.7,0,1
MCOOP-2026-0331,2.1,100.0,6.43,508.6,15.7,17,30365.9,1,1
MCOOP-2026-0332,3.78,91.4,6.13,884.2,26.1,8,55900.0,0,0
MCOOP-2026-0333,0.66,80.7,5.59,171.3,26.8,12,9774.8,0,1
MCOOP-2026-0334,1.09,81.3,5.59,236.9,27.8,14,15692.3,0,1
MCOOP-2026-0335,0.79,94.2,5.61,161.2,29.5,15,12282.5,1,1
MCOOP-2026-0336,0.77,81.4,6.68,177.0,15.2,16,7660.3,1,1
MCOOP-2026-0337,4.19,77.2,5.92,959.4,11.9,10,59574.7,0,0
MCOOP-2026-0338,3.56,97.7,5.94,807.5,19.7,16,54621.8,0,0
MCOOP-2026-0339,2.59,88.6,6.21,613.1,13.4,12,38487.2,0,1
MCOOP-2026-0340,1.01,132.6,5.86,256.2,20.2,8,14503.0,0,1
MCOOP-2026-0341,2.66,40.0,5.63,614.0,23.3,9,23517.2,0,0
MCOOP-2026-0342,2.59,122.3,5.66,632.6,22.8,11,39711.2,1,0
MCOOP-2026-0343,1.33,126.2,5.72,277.4,13.5,8,18934.5,0,1
MCOOP-2026-0344,2.42,43.2,5.73,551.8,7.4,11,23235.1,0,1
MCOOP-2026-0345,2.27,86.4,6.08,504.2,15.2,11,32741.9,0,1
MCOOP-2026-0346,3.19,85.7,5.77,687.0,6.7,8,46980.3,0,0
MCOOP-2026-0347,3.27,59.8,6.08,750.0,28.8,10,39758.4,0,0
MCOOP-2026-0348,0.79,75.6,5.71,178.7,12.7,12,9759.3,0,1
MCOOP-2026-0349,2.17,67.2,5.79,536.9,7.1,10,30153.1,0,1
MCOOP-2026-0350,3.23,138.8,4.85,758.7,3.3,6,35592.7,0,0
MCOOP-2026-0351,2.71,118.4,6.16,597.7,21.6,6,40055.1,1,1
MCOOP-2026-0352,4.2,126.8,5.91,1012.4,21.3,9,61867.6,1,0
MCOOP-2026-0353,3.37,113.0,6.2,805.6,12.5,15,50106.0,1,0
MCOOP-2026-0354,1.28,66.8,4.8,309.0,4.6,8,12967.5,0,1
MCOOP-2026-0355,0.9,81.9,6.69,201.3,14.6,11,10958.6,0,1
MCOOP-2026-0356,3.3,107.2,5.69,735.0,11.7,8,51084.2,0,0
MCOOP-2026-0357,0.71,64.4,6.25,154.0,22.5,9,8255.5,0,1
MCOOP-2026-0358,3.06,112.8,5.28,731.0,20.4,13,44364.7,0,0
MCOOP-2026-0359,4.55,89.0,6.03,1093.6,13.3,11,68830.7,0,0
MCOOP-2026-0360,3.02,85.6,5.28,733.2,8.9,7,43519.9,0,0
MCOOP-2026-0361,2.23,112.8,5.47,500.7,31.6,9,33731.1,0,1
MCOOP-2026-0362,3.3,106.1,6.61,731.0,15.9,6,42952.7,0,0
MCOOP-2026-0363,2.52,86.0,5.66,583.1,22.8,10,37653.0,0,1
MCOOP-2026-0364,2.89,124.0,5.85,620.5,6.6,11,43593.5,0,1
MCOOP-2026-0365,4.55,68.0,6.14,1054.6,16.8,7,60055.7,0,0
MCOOP-2026-0366,2.22,110.4,5.97,506.9,3.3,8,33458.9,0,1
MCOOP-2026-0367,4.64,109.8,5.82,1055.5,17.4,9,72512.3,0,0
MCOOP-2026-0368,4.4,87.3,5.91,972.1,30.9,14,65929.9,0,0
MCOOP-2026-0369,1.42,103.2,6.8,339.4,13.8,18,16343.9,1,1
MCOOP-2026-0370,0.89,63.7,5.72,191.4,3.7,6,11108.5,0,1
MCOOP-2026-0371,1.02,118.1,5.84,205.4,3.4,12,15355.1,0,1
MCOOP-2026-0372,0.68,90.4,6.22,106.4,13.9,9,9543.6,0,1
MCOOP-2026-0373,1.0,81.9,6.25,229.3,7.2,9,14098.9,0,1
MCOOP-2026-0374,3.47,121.2,6.28,842.4,3.2,12,50191.1,0,0
MCOOP-2026-0375,0.9,77.4,6.04,248.5,24.8,14,14384.1,0,1
MCOOP-2026-0376,1.94,59.8,5.24,434.8,16.0,15,22986.6,0,1
MCOOP-2026-0377,4.15,56.1,6.49,939.4,11.0,10,43949.8,0,0
MCOOP-2026-0378,0.7,110.2,5.23,172.7,29.1,9,10699.8,0,1
MCOOP-2026-0379,4.02,63.0,5.89,899.6,5.9,12,50948.4,0,0
MCOOP-2026-0380,1.78,138.9,5.41,416.9,30.7,8,24026.8,1,1
MCOOP-2026-0381,1.1,43.0,5.72,272.2,11.8,10,12229.5,0,1
MCOOP-2026-0382,3.53,137.4,5.9,842.6,28.7,9,49437.3,1,0
MCOOP-2026-0383,3.24,100.3,5.89,742.7,20.3,11,49430.0,0,0
MCOOP-2026-0384,4.29,92.6,5.94,981.6,26.9,8,64724.1,0,0
MCOOP-2026-0385,3.69,81.4,6.48,826.8,31.5,8,46986.4,0,0
MCOOP-2026-0386,3.97,105.0,5.95,892.4,11.0,14,60401.3,0,0
MCOOP-2026-0387,1.78,94.1,5.64,403.7,30.9,7,26791.8,0,1
MCOOP-2026-0388,1.35,122.6,6.18,319.7,14.0,10,18786.3,0,1
MCOOP-2026-0389,3.75,97.9,6.29,885.3,13.9,8,54675.5,0,0
MCOOP-2026-0390,3.99,98.8,5.2,897.6,12.5,6,56417.0,0,0
MCOOP-2026-0391,4.76,85.9,6.02,1132.1,18.5,6,70284.1,0,0
MCOOP-2026-0392,2.33,93.6,6.07,529.1,7.0,8,35923.5,0,1
MCOOP-2026-0393,2.16,102.7,5.62,496.3,18.8,13,33517.7,0,1
MCOOP-2026-0394,3.86,52.2,6.37,869.1,18.5,8,41102.1,0,0
MCOOP-2026-0395,2.03,61.3,5.68,416.9,25.0,15,24759.9,1,1
MCOOP-2026-0396,4.51,113.6,5.81,1059.4,27.1,10,70269.8,0,0
MCOOP-2026-0397,4.21,99.3,5.67,986.7,15.5,9,64317.8,0,0
MCOOP-2026-0398,2.4,90.4,5.76,545.0,11.4,10,36928.3,0,1
MCOOP-2026-0399,3.75,95.5,5.26,864.2,10.2,10,53564.5,0,0
MCOOP-2026-0400,3.77,103.7,5.1,880.0,8.2,12,51780.7,0,0
MCOOP-2026-0401,1.03,81.5,6.47,197.8,4.2,8,12231.8,0,1
MCOOP-2026-0402,4.39,75.5,5.37,996.5,12.6,9,58867.1,0,0
MCOOP-2026-0403,2.72,99.9,5.3,645.5,10.5,14,40067.7,0,0
MCOOP-2026-0404,4.07,70.5,4.8,904.7,31.0,15,41135.8,1,0
MCOOP-2026-0405,1.94,105.2,5.46,453.5,19.0,14,29597.5,0,1
MCOOP-2026-0406,4.36,52.4,5.15,968.9,12.7,9,43572.9,0,0
MCOOP-2026-0407,2.23,120.7,6.49,524.6,19.6,12,30434.3,0,1
MCOOP-2026-0408,0.65,106.8,6.2,148.6,6.6,9,8856.3,0,1
MCOOP-2026-0409,4.4,101.4,5.44,971.6,15.6,10,65742.9,0,0
MCOOP-2026-0410,0.98,119.6,6.76,254.5,21.0,8,12159.1,0,1
MCOOP-2026-0411,1.94,136.6,6.19,427.8,16.9,10,25549.5,0,1
MCOOP-2026-0412,4.59,120.4,5.6,1035.4,14.4,8,68981.0,0,0
MCOOP-2026-0413,4.59,49.0,4.8,1060.7,31.8,9,37876.2,1,0
MCOOP-2026-0414,3.01,63.0,6.78,721.0,28.5,13,29485.2,0,0
MCOOP-2026-0415,3.25,79.4,5.12,722.1,20.9,8,40874.7,0,0
MCOOP-2026-0416,2.48,95.7,5.01,571.9,19.3,7,30920.6,0,1
MCOOP-2026-0417,1.83,107.9,6.21,431.6,20.8,7,27516.9,0,1
MCOOP-2026-0418,1.98,76.9,6.8,472.7,8.4,15,20458.4,1,1
MCOOP-2026-0419,3.42,99.7,6.37,791.0,14.2,10,48692.3,0,0
MCOOP-2026-0420,3.76,76.1,6.0,855.6,3.7,9,52895.1,0,0
